muRataLibWeb:GA242:symbol,{"P1":"1","P2":"0"}
muRataLibWeb:GA243:symbol,{"P1":"1","P2":"0"}
muRataLibWeb:GA255:symbol,{"P1":"1","P2":"0"}
muRataLibWeb:GA342:symbol,{"P1":"1","P2":"0"}
muRataLibWeb:GA343:symbol,{"P1":"1","P2":"0"}
muRataLibWeb:GA352:symbol,{"P1":"1","P2":"0"}
muRataLibWeb:GA355:symbol,{"P1":"1","P2":"0"}
muRataLibWeb:GC321:symbol,{"P1":"1","P2":"0"}
muRataLibWeb:GC331:symbol,{"P1":"1","P2":"0"}
muRataLibWeb:GC332:symbol,{"P1":"1","P2":"0"}
muRataLibWeb:GC343:symbol,{"P1":"1","P2":"0"}
muRataLibWeb:GC355:symbol,{"P1":"1","P2":"0"}
muRataLibWeb:GCD18:symbol,{"P1":"1","P2":"0"}
muRataLibWeb:GCD21:symbol,{"P1":"1","P2":"0"}
muRataLibWeb:GCE18:symbol,{"P1":"1","P2":"0"}
muRataLibWeb:GCE21:symbol,{"P1":"1","P2":"0"}
muRataLibWeb:GCH15:symbol,{"P1":"1","P2":"0"}
muRataLibWeb:GCH18:symbol,{"P1":"1","P2":"0"}
muRataLibWeb:GCH21:symbol,{"P1":"1","P2":"0"}
muRataLibWeb:GCH31:symbol,{"P1":"1","P2":"0"}
muRataLibWeb:GCH32:symbol,{"P1":"1","P2":"0"}
muRataLibWeb:GCJ18:symbol,{"P1":"1","P2":"0"}
muRataLibWeb:GCJ21:symbol,{"P1":"1","P2":"0"}
muRataLibWeb:GCJ31:symbol,{"P1":"1","P2":"0"}
muRataLibWeb:GCJ32:symbol,{"P1":"1","P2":"0"}
muRataLibWeb:GCJ43:symbol,{"P1":"1","P2":"0"}
muRataLibWeb:GCJ55:symbol,{"P1":"1","P2":"0"}
muRataLibWeb:GCM03:symbol,{"P1":"1","P2":"0"}
muRataLibWeb:GCM15:symbol,{"P1":"1","P2":"0"}
muRataLibWeb:GCM18:symbol,{"P1":"1","P2":"0"}
muRataLibWeb:GCM21:symbol,{"P1":"1","P2":"0"}
muRataLibWeb:GCM31:symbol,{"P1":"1","P2":"0"}
muRataLibWeb:GCM32:symbol,{"P1":"1","P2":"0"}
muRataLibWeb:GCM43:symbol,{"P1":"1","P2":"0"}
muRataLibWeb:GCM55:symbol,{"P1":"1","P2":"0"}
muRataLibWeb:GCQ15:symbol,{"P1":"1","P2":"0"}
muRataLibWeb:GGD18:symbol,{"P1":"1","P2":"0"}
muRataLibWeb:GGD21:symbol,{"P1":"1","P2":"0"}
muRataLibWeb:GGM15:symbol,{"P1":"1","P2":"0"}
muRataLibWeb:GGM18:symbol,{"P1":"1","P2":"0"}
muRataLibWeb:GGM21:symbol,{"P1":"1","P2":"0"}
muRataLibWeb:GGM31:symbol,{"P1":"1","P2":"0"}
muRataLibWeb:GGM32:symbol,{"P1":"1","P2":"0"}
muRataLibWeb:GJ431:symbol,{"P1":"1","P2":"0"}
muRataLibWeb:GJ821:symbol,{"P1":"1","P2":"0"}
muRataLibWeb:GJ831:symbol,{"P1":"1","P2":"0"}
muRataLibWeb:GJ832:symbol,{"P1":"1","P2":"0"}
muRataLibWeb:GJM02:symbol,{"P1":"1","P2":"0"}
muRataLibWeb:GJM02_T:symbol,{"P1":"1","P2":"0"}
muRataLibWeb:GJM03:symbol,{"P1":"1","P2":"0"}
muRataLibWeb:GJM03_T:symbol,{"P1":"1","P2":"0"}
muRataLibWeb:GJM15:symbol,{"P1":"1","P2":"0"}
muRataLibWeb:GJM15_T:symbol,{"P1":"1","P2":"0"}
muRataLibWeb:GQM15:symbol,{"P1":"1","P2":"0"}
muRataLibWeb:GQM18:symbol,{"P1":"1","P2":"0"}
muRataLibWeb:GQM21:symbol,{"P1":"1","P2":"0"}
muRataLibWeb:GQM22:symbol,{"P1":"1","P2":"0"}
muRataLibWeb:GR321:symbol,{"P1":"1","P2":"0"}
muRataLibWeb:GR331:symbol,{"P1":"1","P2":"0"}
muRataLibWeb:GR332:symbol,{"P1":"1","P2":"0"}
muRataLibWeb:GR343:symbol,{"P1":"1","P2":"0"}
muRataLibWeb:GR355:symbol,{"P1":"1","P2":"0"}
muRataLibWeb:GR431:symbol,{"P1":"1","P2":"0"}
muRataLibWeb:GR432:symbol,{"P1":"1","P2":"0"}
muRataLibWeb:GR442:symbol,{"P1":"1","P2":"0"}
muRataLibWeb:GR443:symbol,{"P1":"1","P2":"0"}
muRataLibWeb:GR455:symbol,{"P1":"1","P2":"0"}
muRataLibWeb:GR721:symbol,{"P1":"1","P2":"0"}
muRataLibWeb:GR731:symbol,{"P1":"1","P2":"0"}
muRataLibWeb:GRJ15:symbol,{"P1":"1","P2":"0"}
muRataLibWeb:GRJ18:symbol,{"P1":"1","P2":"0"}
muRataLibWeb:GRJ21:symbol,{"P1":"1","P2":"0"}
muRataLibWeb:GRJ31:symbol,{"P1":"1","P2":"0"}
muRataLibWeb:GRJ32:symbol,{"P1":"1","P2":"0"}
muRataLibWeb:GRJ43:symbol,{"P1":"1","P2":"0"}
muRataLibWeb:GRJ55:symbol,{"P1":"1","P2":"0"}
muRataLibWeb:GRM01:symbol,{"P1":"1","P2":"0"}
muRataLibWeb:GRM01_T:symbol,{"P1":"1","P2":"0"}
muRataLibWeb:GRM02:symbol,{"P1":"1","P2":"0"}
muRataLibWeb:GRM02_T:symbol,{"P1":"1","P2":"0"}
muRataLibWeb:GRM03:symbol,{"P1":"1","P2":"0"}
muRataLibWeb:GRM03_T:symbol,{"P1":"1","P2":"0"}
muRataLibWeb:GRM15:symbol,{"P1":"1","P2":"0"}
muRataLibWeb:GRM15_T:symbol,{"P1":"1","P2":"0"}
muRataLibWeb:GRM18:symbol,{"P1":"1","P2":"0"}
muRataLibWeb:GRM18_T:symbol,{"P1":"1","P2":"0"}
muRataLibWeb:GRM21:symbol,{"P1":"1","P2":"0"}
muRataLibWeb:GRM21_T:symbol,{"P1":"1","P2":"0"}
muRataLibWeb:GRM31:symbol,{"P1":"1","P2":"0"}
muRataLibWeb:GRM31_T:symbol,{"P1":"1","P2":"0"}
muRataLibWeb:GRM32:symbol,{"P1":"1","P2":"0"}
muRataLibWeb:GRM32_T:symbol,{"P1":"1","P2":"0"}
muRataLibWeb:GRM42:symbol,{"P1":"1","P2":"0"}
muRataLibWeb:GRM42_T:symbol,{"P1":"1","P2":"0"}
muRataLibWeb:GRM43:symbol,{"P1":"1","P2":"0"}
muRataLibWeb:GRM55:symbol,{"P1":"1","P2":"0"}
muRataLibWeb:GRMMD:symbol,{"P1":"1","P2":"0"}
muRataLibWeb:GRT03:symbol,{"P1":"1","P2":"0"}
muRataLibWeb:GRT15:symbol,{"P1":"1","P2":"0"}
muRataLibWeb:GRT18:symbol,{"P1":"1","P2":"0"}
muRataLibWeb:GRT21:symbol,{"P1":"1","P2":"0"}
muRataLibWeb:GRT31:symbol,{"P1":"1","P2":"0"}
muRataLibWeb:GRT32:symbol,{"P1":"1","P2":"0"}
muRataLibWeb:GXM15:symbol,{"P1":"1","P2":"0"}
muRataLibWeb:GXM18:symbol,{"P1":"1","P2":"0"}
muRataLibWeb:GXM21:symbol,{"P1":"1","P2":"0"}
muRataLibWeb:GXM31:symbol,{"P1":"1","P2":"0"}
muRataLibWeb:GXM32:symbol,{"P1":"1","P2":"0"}
muRataLibWeb:GXT15:symbol,{"P1":"1","P2":"0"}
muRataLibWeb:GXT18:symbol,{"P1":"1","P2":"0"}
muRataLibWeb:GXT21:symbol,{"P1":"1","P2":"0"}
muRataLibWeb:GXT31:symbol,{"P1":"1","P2":"0"}
muRataLibWeb:GXT32:symbol,{"P1":"1","P2":"0"}
muRataLibWeb:KC355:symbol,{"P1":"1","P2":"0"}
muRataLibWeb:KCA55:symbol,{"P1":"1","P2":"0"}
muRataLibWeb:KCM55:symbol,{"P1":"1","P2":"0"}
muRataLibWeb:KR355:symbol,{"P1":"1","P2":"0"}
muRataLibWeb:KRM21:symbol,{"P1":"1","P2":"0"}
muRataLibWeb:KRM31:symbol,{"P1":"1","P2":"0"}
muRataLibWeb:KRM55:symbol,{"P1":"1","P2":"0"}
muRataLibWeb:LLL15:symbol,{"P1":"1","P2":"0"}
muRataLibWeb:LLL18:symbol,{"P1":"1","P2":"0"}
muRataLibWeb:LLL1U:symbol,{"P1":"1","P2":"0"}
muRataLibWeb:LLL21:symbol,{"P1":"1","P2":"0"}
muRataLibWeb:LLL31:symbol,{"P1":"1","P2":"0"}
muRataLibWeb:LLR18:symbol,{"P1":"1","P2":"0"}
muRataLibWeb:LQG15HH_02:symbol,{"P1":"1","P2":"0"}
muRataLibWeb:LQG15HN_02:symbol,{"P1":"1","P2":"0"}
muRataLibWeb:LQG15HS_02:symbol,{"P1":"1","P2":"0"}
muRataLibWeb:LQG15HZ_02:symbol,{"P1":"1","P2":"0"}
muRataLibWeb:LQG15WH_02:symbol,{"P1":"1","P2":"0"}
muRataLibWeb:LQG15WZ_02:symbol,{"P1":"1","P2":"0"}
muRataLibWeb:LQG18HN_00:symbol,{"P1":"1","P2":"0"}
muRataLibWeb:LQP02HQ_02:symbol,{"P1":"1","P2":"0"}
muRataLibWeb:LQP02TN_02:symbol,{"P1":"1","P2":"0"}
muRataLibWeb:LQP02TQ_02:symbol,{"P1":"1","P2":"0"}
muRataLibWeb:LQP03HQ_02:symbol,{"P1":"1","P2":"0"}
muRataLibWeb:LQP03PN_02:symbol,{"P1":"1","P2":"0"}
muRataLibWeb:LQP03TG_02:symbol,{"P1":"1","P2":"0"}
muRataLibWeb:LQP03TN_02:symbol,{"P1":"1","P2":"0"}
muRataLibWeb:LQP03TN_Z2:symbol,{"P1":"1","P2":"0"}
muRataLibWeb:LQP03TQ_02:symbol,{"P1":"1","P2":"0"}
muRataLibWeb:LQP15MN_02:symbol,{"P1":"1","P2":"0"}
muRataLibWeb:LQW03AW_00:symbol,{"P1":"1","P2":"0"}
muRataLibWeb:LQW04AN_00:symbol,{"P1":"1","P2":"0"}
muRataLibWeb:LQW04AN_10:symbol,{"P1":"1","P2":"0"}
muRataLibWeb:LQW04CA_00:symbol,{"P1":"1","P2":"0"}
muRataLibWeb:LQW15AN_00:symbol,{"P1":"1","P2":"0"}
muRataLibWeb:LQW15AN_0Z:symbol,{"P1":"1","P2":"0"}
muRataLibWeb:LQW15AN_10:symbol,{"P1":"1","P2":"0"}
muRataLibWeb:LQW15AN_1Z:symbol,{"P1":"1","P2":"0"}
muRataLibWeb:LQW15AN_80:symbol,{"P1":"1","P2":"0"}
muRataLibWeb:LQW15AN_8Z:symbol,{"P1":"1","P2":"0"}
muRataLibWeb:LQW15AW_80:symbol,{"P1":"1","P2":"0"}
muRataLibWeb:LQW15CA_00:symbol,{"P1":"1","P2":"0"}
muRataLibWeb:LQW15CN_00:symbol,{"P1":"1","P2":"0"}
muRataLibWeb:LQW15CN_0Z:symbol,{"P1":"1","P2":"0"}
muRataLibWeb:LQW15CN_10:symbol,{"P1":"1","P2":"0"}
muRataLibWeb:LQW15CN_1Z:symbol,{"P1":"1","P2":"0"}
muRataLibWeb:LQW18AN_00:symbol,{"P1":"1","P2":"0"}
muRataLibWeb:LQW18AN_0Z:symbol,{"P1":"1","P2":"0"}
muRataLibWeb:LQW18AN_10:symbol,{"P1":"1","P2":"0"}
muRataLibWeb:LQW18AN_1Z:symbol,{"P1":"1","P2":"0"}
muRataLibWeb:LQW18AN_80:symbol,{"P1":"1","P2":"0"}
muRataLibWeb:LQW18AN_8Z:symbol,{"P1":"1","P2":"0"}
muRataLibWeb:LQW18CA_00:symbol,{"P1":"1","P2":"0"}
muRataLibWeb:LQW18CN_00:symbol,{"P1":"1","P2":"0"}
muRataLibWeb:LQW21HN_00:symbol,{"P1":"1","P2":"0"}
muRataLibWeb:LQW2BAN_00:symbol,{"P1":"1","P2":"0"}
muRataLibWeb:LQW2BAS_00:symbol,{"P1":"1","P2":"0"}
muRataLibWeb:LQW2UAS_00:symbol,{"P1":"1","P2":"0"}
muRataLibWeb:ZRA21:symbol,{"P1":"1","P2":"0"}
muRataLibWeb:ZRB15:symbol,{"P1":"1","P2":"0"}
muRataLibWeb:ZRB18:symbol,{"P1":"1","P2":"0"}
